source,service,cve,exploit_prob,target,privilege
192.168.36.18,"Phormation PHP script 0.9.1 and earlier allows remote attackers to execute arbitrary code by including files from remote web sites, using an HTTP request that modifies the phormationdir variable.",CVE-2001-1237,0.02557,192.168.32.253,User
192.168.36.18,Denial of service in AIX telnet can freeze a system and prevent users from accessing the server.,CVE-1999-0087,0.04674,192.168.32.253,User
192.168.36.18,"Zope before 2.2.4 does not properly compute local roles, which could allow users to bypass specified access restrictions and gain privileges.",CVE-2001-0128,0.00059,192.168.32.253,User
192.168.36.18,"GnuPG (gpg) 1.0.3 does not properly check all signatures of a file containing multiple documents, which allows an attacker to modify contents of all documents but the first without detection.",CVE-2000-0974,0.01251,192.168.32.253,User
192.168.36.18,ucbmail allows remote attackers to execute commands via shell metacharacters that are passed to it from INN.,CVE-1999-0868,0.00584,192.168.32.253,User
192.168.36.18,"WFTPD 3.00 allows remote attackers to read arbitrary files by uploading a (link) file that ends in a "".lnk."" extension, which bypasses WFTPD's check for a "".lnk"" extension.",CVE-2001-1386,0.00343,192.168.126.40,User
192.168.36.18,Buffer overflow in the ISAPI DLL filter for Macromedia JRun 3.1 allows remote attackers to execute arbitrary code via a direct request to the filter with a long HTTP host header field in a URL for a .jsp file.,CVE-2002-0801,0.17401,192.168.126.40,User
192.168.36.18,"Buffer overflow in AOL Instant Messenger (AIM) 4.7.2480, 4.8.2616, and other versions allows remote attackers to execute arbitrary code via a long argument in a game request (AddGame).",CVE-2002-0005,0.15451,192.168.126.40,User
192.168.36.18,"Race condition in signal handling of procmail 3.20 and earlier, when running setuid, allows local users to cause a denial of service or gain root privileges by sending a signal while a signal handling routine is already running.",CVE-2001-0905,0.00042,192.168.126.40,Root
192.168.36.18,gzexe in the gzip package on Red Hat Linux 5.0 and earlier allows local users to overwrite files of other users via a symlink attack on a temporary file.,CVE-1999-1332,0.00042,192.168.220.197,User
192.168.36.18,"The Apache module for PHP 4.0.0 through PHP 4.0.4, when disabled with the 'engine = off' option for a virtual host, may disable PHP for other virtual hosts, which could cause Apache to serve the source code of PHP scripts.",CVE-2001-1385,0.0033,192.168.220.197,User
192.168.36.18,"Microsoft Internet Explorer 5.01 and 6.0 allow remote attackers to execute arbitrary code via malformed Content-Disposition and Content-Type header fields that cause the application for the spoofed file type to pass the file back to the operating system for handling rather than raise an error message, aka the second variant of the ""Content Disposition"" vulnerability.",CVE-2002-0188,0.03934,192.168.99.133,User
192.168.36.18,"Buffer overflow in AOL Instant Messenger (AIM) 4.7.2480, 4.8.2616, and other versions allows remote attackers to execute arbitrary code via a long argument in a game request (AddGame).",CVE-2002-0005,0.15451,192.168.99.133,User
192.168.36.18,The get_real_string function in Monkey HTTP Daemon (monkeyd) 0.8.1 and earlier allows remote attackers to cause a denial of service (crash) via an HTTP request with a sequence of "%" characters and a missing Host field.,CVE-2004-0276,0.09187,192.168.99.133,User
192.168.36.18,Format string vulnerability in hsftp 1.11 allows remote authenticated users to cause a denial of service and possibly execute arbitrary code via file names containing format string characters that are not properly handled when executing an "ls" command.,CVE-2004-0159,0.07149,192.168.99.133,User
192.168.36.18,"FrontPage Server Extensions (FPSE) in IIS 4.0 and 5.0 allows remote attackers to cause a denial of service via a malformed form, aka the ""Malformed Web Form Submission"" vulnerability.",CVE-2001-0096,0.04326,192.168.99.133,User
192.168.36.18,"Format string vulnerability in stunnel before 3.22 when used in client mode for (1) smtp, (2) pop, or (3) nntp allows remote malicious servers to execute arbitrary code.",CVE-2002-0002,0.01079,192.168.162.214,User
192.168.36.18,"Cisco IOS 11.x and 12.x allows remote attackers to cause a denial of service by sending the ENVIRON option to the Telnet daemon before it is ready to accept it, which causes the system to reboot.",CVE-2000-0268,0.00646,192.168.162.214,User
192.168.36.18,Windows NT 4.0 SP4 and earlier allows local users to gain privileges by modifying the symbolic link table in the \?? object folder using a different case letter (upper or lower) to point to a different device.,CVE-1999-1317,0.00044,192.168.162.214,User
192.168.36.18,The Web interface to Cisco 600 routers running CBOS 2.4.1 and earlier allow remote attackers to cause a denial of service via a URL that does not end in a space character.,CVE-2001-0058,0.00867,192.168.165.209,User
192.168.36.18,GnoRPM before 0.95 allows local users to modify arbitrary files via a symlink attack.,CVE-2000-0948,0.00042,192.168.165.209,User
192.168.36.18,"csstart program in iCal 2.1 Patch 2 uses relative pathnames to install the libsocket and libnsl libraries, which could allow the icsuser account to gain root privileges by creating a Trojan Horse library in the current or parent directory.",CVE-2000-1074,0.01501,192.168.165.209,Root
192.168.36.18,The AMaViS virus scanner 0.2.0-pre4 and earlier allows remote attackers to execute arbitrary commands as root via an infected mail message with shell metacharacters in the reply-to field.,CVE-1999-1512,0.01165,192.168.255.37,Root
192.168.36.18,"IRIX soundplayer program allows local users to gain privileges by including shell metacharacters in a .wav file, which is executed via the midikeys program.",CVE-2000-0013,0.00042,192.168.255.37,User
192.168.36.18,Denial of service in IIS using long URLs.,CVE-1999-0281,0.00304,192.168.255.37,User
192.168.36.18,"Cross-site scripting vulnerability in analog before 5.22 allows remote attackers to execute Javascript via an HTTP request containing the script, which is entered into a web logfile and not properly filtered by analog during display.",CVE-2002-0166,0.01854,192.168.255.37,User
192.168.36.18,The Microsoft Outlook mail client identifies the physical path of the sender's machine within a winmail.dat attachment to Rich Text Format (RTF) files.,CVE-2000-0753,0.00505,192.168.255.37,User
192.168.36.18,"Listening TCP ports are sequentially allocated, allowing spoofing attacks.",CVE-1999-0074,0.00244,192.168.201.146,User
192.168.36.18,"Microsoft Windows 2000 running the Terminal Server 90-day trial version, and possibly other versions, does not apply group policies to incoming users when the number of connections to the SYSVOL share exceeds the maximum, e.g. with a maximum number of licenses, which can allow remote authenticated users to bypass group policies.",CVE-2002-0444,0.0138,192.168.201.146,User
192.168.36.18,Infradig Inframail prior to 3.98a allows a remote attacker to create a denial of service via a malformed POST request which includes a space followed by a large string.,CVE-2001-0377,0.00835,192.168.201.146,User
192.168.36.18,Off-by-one error in the channel code of OpenSSH 2.0 through 3.0.2 allows local users or remote malicious servers to gain privileges.,CVE-2002-0083,0.00871,192.168.201.146,User
192.168.36.18,Buffer overflow in statd allows root privileges.,CVE-1999-0018,0.00281,192.168.45.131,Root
192.168.36.18,"MDG Computer Services Web Server 4D WS4D/eCommerce 3.0 and earlier, and possibly 3.5.3, allows remote attackers to cause a denial of service and possibly execute arbitrary commands via a long HTTP request.",CVE-2002-0123,0.02651,192.168.45.131,User
192.168.126.40,"IRIX soundplayer program allows local users to gain privileges by including shell metacharacters in a .wav file, which is executed via the midikeys program.",CVE-2000-0013,0.00042,192.168.162.214,User
192.168.126.40,Zeus web server allows remote attackers to view the source code for CGI programs via a null character (%00) at the end of a URL.,CVE-2000-0149,0.0193,192.168.162.214,User
192.168.126.40,InterScan VirusWall SMTP scanner does not properly scan messages with malformed attachments.,CVE-2000-0033,0.0222,192.168.162.214,User
192.168.126.40,"The Vicam USB driver in Linux before 2.4.25 does not use the copy_from_user function when copying data from userspace to kernel space, which crosses security boundaries and allows local users to cause a denial of service.",CVE-2004-0075,0.0006,192.168.162.214,User
192.168.126.40,"Squid 2.4 STABLE3 and earlier does not properly disable HTCP, even when ""htcp_port 0"" is specified in squid.conf, which could allow remote attackers to bypass intended access restrictions.",CVE-2002-0067,0.00695,192.168.162.214,User
192.168.126.40,Buffer overflow in Windows Shell (used as the Windows Desktop) allows local and possibly remote attackers to execute arbitrary code via a custom URL handler that has not been removed for an application that has been improperly uninstalled.,CVE-2002-0070,0.07314,192.168.165.209,User
192.168.126.40,"SNMP service in Atmel 802.11b VNET-B Access Point 1.3 and earlier, as used in Netgear ME102 and Linksys WAP11, accepts arbitrary community strings with requested MIB modifications, which allows remote attackers to obtain sensitive information such as WEP keys, cause a denial of service, or gain access to the network.",CVE-2001-0514,0.00865,192.168.165.209,User
192.168.126.40,"The bna_pass program in Optivity NETarchitect uses the PATH environmental variable for finding the ""rm"" program, which allows local users to execute arbitrary commands.",CVE-2000-0009,0.00042,192.168.165.209,User
192.168.126.40,Off-by-one error in the channel code of OpenSSH 2.0 through 3.0.2 allows local users or remote malicious servers to gain privileges.,CVE-2002-0083,0.00871,192.168.165.209,User
192.168.126.40,"WebShield SMTP 4.5 allows remote attackers to cause a denial of service by sending e-mail with a From: address that has a . (period) at the end, which causes WebShield to continuously send itself copies of the e-mail.",CVE-2000-0738,0.00521,192.168.165.209,User
192.168.126.40,An X server's access control is disabled (e.g. through an "xhost +" command) and allows anyone to connect to the server.,CVE-1999-0526,0.80735,192.168.231.180,User
192.168.126.40,IRC Xchat client versions 1.4.2 and earlier allows remote attackers to execute arbitrary commands by encoding shell metacharacters into a URL which XChat uses to launch a web browser.,CVE-2000-0787,0.10989,192.168.231.180,User
192.168.126.40,"rpcbind in SGI IRIX, when using the -w command line switch, allows local users to overwrite arbitrary files via a symlink attack.",CVE-2002-1516,0.00042,192.168.231.180,User
192.168.126.40,"The password protection feature of Microsoft Money can store the password in plaintext, which allows attackers with physical access to the system to obtain the password, aka the ""Money Password"" vulnerability.",CVE-2000-0777,0.00235,192.168.231.180,User
192.168.126.40,Format string vulnerability in screen 3.9.5 and earlier allows local users to gain root privileges via format characters in the vbell_msg initialization variable.,CVE-2000-0901,0.00042,192.168.231.180,Root
192.168.126.40,"The bna_pass program in Optivity NETarchitect uses the PATH environmental variable for finding the ""rm"" program, which allows local users to execute arbitrary commands.",CVE-2000-0009,0.00042,192.168.220.197,User
192.168.126.40,"Phormation PHP script 0.9.1 and earlier allows remote attackers to execute arbitrary code by including files from remote web sites, using an HTTP request that modifies the phormationdir variable.",CVE-2001-1237,0.02557,192.168.220.197,User
192.168.126.40,Windows NT 4.0 SP4 and earlier allows local users to gain privileges by modifying the symbolic link table in the \?? object folder using a different case letter (upper or lower) to point to a different device.,CVE-1999-1317,0.00044,192.168.220.197,User
192.168.126.40,InterScan VirusWall SMTP scanner does not properly scan messages with malformed attachments.,CVE-2000-0033,0.0222,192.168.220.197,User
192.168.126.40,"Courier sqwebmail before 0.40.0 does not quickly drop privileges after startup in certain cases, which could allow local users to read arbitrary files.",CVE-2002-1311,0.00042,192.168.45.131,User
192.168.126.40,"Multiple Cisco networking products allow remote attackers to cause a denial of service on the local network via a series of ARP packets sent to the router's interface that contains a different MAC address for the router, which eventually causes the router to overwrite the MAC address in its ARP table.",CVE-2001-0895,0.02268,192.168.45.131,User
192.168.126.40,"WebShield SMTP 4.5 allows remote attackers to cause a denial of service by sending e-mail with a From: address that has a . (period) at the end, which causes WebShield to continuously send itself copies of the e-mail.",CVE-2000-0738,0.00521,192.168.45.131,User
192.168.126.40,"Race condition in signal handling routine in ftpd, allowing read/write arbitrary files.",CVE-1999-0035,0.00127,192.168.45.131,User
192.168.126.40,"When the Ntconfig.pol file is used on a server whose name is longer than 13 characters, Windows NT does not properly enforce policies for global groups, which could allow users to bypass restrictions that were intended by those policies.",CVE-1999-1359,0.00297,192.168.201.146,User
192.168.126.40,"Format string vulnerability in daemon.c for Exim 4.x through 4.10, and 3.x through 3.36, allows exim administrative users to execute arbitrary code by modifying the pid_file_path value.",CVE-2002-1381,0.00174,192.168.201.146,User
192.168.126.40,"Unknown vulnerability in netprint in IRIX 6.2, and possibly other versions, allows local users with lp privileges attacker to execute arbitrary commands via the -n option.",CVE-2001-0485,0.00042,192.168.201.146,User
192.168.126.40,"The dbm and shm session cache code in mod_ssl before 2.8.7-1.3.23, and Apache-SSL before 1.3.22+1.46, does not properly initialize memory using the i2d_SSL_SESSION function, which allows remote attackers to use a buffer overflow to execute arbitrary code via a large client certificate that is signed by a trusted Certificate Authority (CA), which produces a large serialized session.",CVE-2002-0082,0.47589,192.168.201.146,User
192.168.126.40,Denial of service in BIND named via consuming more than "fdmax" file descriptors.,CVE-1999-0848,0.0033,192.168.36.18,User
192.168.126.40,"GnuPG (gpg) 1.0.3 does not properly check all signatures of a file containing multiple documents, which allows an attacker to modify contents of all documents but the first without detection.",CVE-2000-0974,0.01251,192.168.36.18,User
192.168.126.40,The DG/UX finger daemon allows remote command execution through shell metacharacters.,CVE-1999-0152,0.00348,192.168.255.37,User
192.168.126.40,L0phtcrack 2.5 used temporary files in the system TEMP directory which could contain password information.,CVE-1999-0458,0.00042,192.168.255.37,User
192.168.126.40,UnixWare uidadmin allows local users to modify arbitrary files via a symlink attack.,CVE-1999-0836,0.0016,192.168.255.37,User
192.168.126.40,Buffer overflow in INN 2.2.1 and earlier allows remote attackers to cause a denial of service via a maliciously formatted article.,CVE-2000-0360,0.00649,192.168.255.37,User
192.168.126.40,procfs in BSD systems allows local users to gain root privileges by modifying the /proc/pid/mem interface via a modified file descriptor for stderr.,CVE-2000-0094,0.00042,192.168.255.37,Root
192.168.45.131,xSANE 0.81 and earlier allows local users to modify files of other xSANE users via a symlink attack on temporary files.,CVE-2001-0887,0.00042,192.168.99.133,User
192.168.45.131,"The getdbm procedure in ypxfrd allows local users to read arbitrary files, and remote attackers to read databases outside /var/yp, via a directory traversal and symlink attack on the domain and map arguments.",CVE-2002-1199,0.00552,192.168.99.133,User
192.168.45.131,Multilink PPP for ISDN dialup users in Ascend before 4.6 allows remote attackers to cause a denial of service via a spoofed endpoint identifier.,CVE-1999-1203,0.01179,192.168.99.133,User
192.168.45.131,Information from SSL-encrypted sessions via PKCS #1.,CVE-1999-0007,0.00073,192.168.99.133,User
192.168.45.131,"Phormation PHP script 0.9.1 and earlier allows remote attackers to execute arbitrary code by including files from remote web sites, using an HTTP request that modifies the phormationdir variable.",CVE-2001-1237,0.02557,192.168.255.37,User
192.168.45.131,Vulnerability in inetd server in HP-UX 11.04 and earlier allows attackers to cause a denial of service when the "swait" state is used by a server.,CVE-2001-0106,0.0012,192.168.255.37,User
192.168.165.209,"Red-M 1050 (Bluetooth Access Point) uses case insensitive passwords, which makes it easier for attackers to conduct a brute force guessing attack due to the smaller space of possible passwords.",CVE-2002-0394,0.00182,192.168.231.180,User
192.168.165.209,authenticate.cgi CGI program in Aplio PRO allows remote attackers to execute arbitrary commands via shell metacharacters in the password parameter.,CVE-2000-0923,0.09243,192.168.231.180,User
192.168.165.209,"FrontPage Server Extensions (FPSE) in IIS 4.0 and 5.0 allows remote attackers to cause a denial of service via a malformed form, aka the ""Malformed Web Form Submission"" vulnerability.",CVE-2001-0096,0.04326,192.168.231.180,User
192.168.165.209,"Sdbsearch.cgi in SuSE Linux 6.0-7.2 could allow remote attackers to execute arbitrary commands by uploading a keylist.txt file that contains filenames with shell metacharacters, then causing the file to be searched using a .. in the HTTP referer (from the HTTP_REFERER variable) to point to the directory that contains the keylist.txt file.",CVE-2001-1130,0.04694,192.168.126.40,User
192.168.165.209,PSCOErrPage.htm in Netscape PublishingXpert 2.5 before SP2 allows remote attackers to read arbitrary files by specifying the target file in the errPagePath parameter.,CVE-2000-1196,0.01991,192.168.126.40,User
192.168.165.209,bb-hostsvc.sh in Big Brother 1.4h1 and earlier allows remote attackers to read arbitrary files via a .. (dot dot) attack on the HOSTSVC parameter.,CVE-2000-0638,0.05376,192.168.126.40,User
192.168.165.209,"PGP Corporate Desktop before 7.1, Personal Security before 7.0.3, Freeware before 7.0.3, and E-Business Server before 7.1 does not properly display when invalid userID's are used to sign a message, which could allow an attacker to make the user believe that the document has been signed by a trusted third party by adding a second, invalid user ID to a key which has already been signed by the third party, aka the ""PGPsdk Key Validity Vulnerability.""",CVE-2001-1016,0.00426,192.168.126.40,User
192.168.165.209,"Auction Weaver 1.0 through 1.04 does not properly validate the names of form fields, which allows remote attackers to delete arbitrary files and directories via a .. (dot dot) attack.",CVE-2000-0810,0.01221,192.168.126.40,User
192.168.165.209,"The HTTP administration interface for HP Procurve 4000M Switch firmware before C.09.16, with stacking features and remote administration enabled, does not authenticate requests to reset the device, which allows remote attackers to cause a denial of service via a direct request to the device_reset CGI program.",CVE-2002-1147,0.07424,192.168.45.131,User
192.168.165.209,Buffer overflow in INN 2.2.1 and earlier allows remote attackers to cause a denial of service via a maliciously formatted article.,CVE-2000-0360,0.00649,192.168.45.131,User
192.168.165.209,"vim (aka gvim) allows local users to modify files being edited by other users via a symlink attack on the backup and swap files, when the victim is editing the file in a world writable directory.",CVE-2001-0409,0.00042,192.168.45.131,User
192.168.165.209,Buffer overflow in Windows Shell (used as the Windows Desktop) allows local and possibly remote attackers to execute arbitrary code via a custom URL handler that has not been removed for an application that has been improperly uninstalled.,CVE-2002-0070,0.07314,192.168.45.131,User
192.168.165.209,Buffer overflow in SysVInit in Red Hat Linux 5.1 and earlier allows local users to gain privileges.,CVE-1999-1329,0.00045,192.168.45.131,User
192.168.162.214,procfs in BSD systems allows local users to gain root privileges by modifying the /proc/pid/mem interface via a modified file descriptor for stderr.,CVE-2000-0094,0.00042,192.168.231.180,Root
192.168.162.214,Race condition in wu-ftpd and BSDI ftpd allows remote attackers to gain root access via the SITE EXEC command.,CVE-1999-0955,0.00507,192.168.231.180,Root
192.168.162.214,"Netscape Communicator before version 4.73 and Navigator 4.07 do not properly validate SSL certificates, which allows remote attackers to steal information by redirecting traffic from a legitimate web server to their own malicious server, aka the ""Acros-Suencksen SSL"" vulnerability.",CVE-2000-0406,0.00594,192.168.231.180,User
192.168.162.214,"An SSH 1.2.27 server allows a client to use the ""none"" cipher, even if it is not allowed by the server policy.",CVE-1999-1010,0.00042,192.168.231.180,User
192.168.162.214,"BisonFTP V4R1 allows local users to access directories outside of their home directory by uploading .bdl files, which can then be linked to other directories.",CVE-2001-0765,0.00042,192.168.99.133,User
192.168.162.214,IBM Network Station Manager NetStation allows local users to gain privileges via a symlink attack.,CVE-2000-0027,0.00042,192.168.99.133,User
192.168.162.214,64 bit Solaris 7 procfs allows local users to perform a denial of service.,CVE-1999-0417,0.00042,192.168.99.133,User
192.168.162.214,ROADS search.pl program allows remote attackers to read arbitrary files by specifying the file name in the form parameter and terminating the filename with a null byte.,CVE-2001-0215,0.03572,192.168.99.133,User
192.168.162.214,WFTPD and WFTPD Pro 2.41 allows remote attackers to cause a denial of service by executing a STAT command while the LIST command is still executing.,CVE-2000-0644,0.0116,192.168.99.133,User
192.168.162.214,"Windows NT 4.0 allows local users to cause a denial of service via a user mode application that closes a handle that was opened in kernel mode, which causes a crash when the kernel attempts to close the handle.",CVE-1999-1360,0.00045,192.168.165.209,User
192.168.162.214,"The SPP_VerifyPVV function in nCipher payShield SPP library 1.3.12, 1.5.18 and 1.6.18 returns a Status_OK value even if the HSM returns a different status code, which could cause applications to make incorrect security-critical decisions, e.g. by accepting an invalid PIN number.",CVE-2004-0063,0.00486,192.168.165.209,User
192.168.162.214,"Unknown vulnerability in autofs on AIX 4.3.0, when using executable maps, allows attackers to execute arbitrary commands as root, possibly related to ""string handling around how the executable map is called.""",CVE-2002-1548,0.00044,192.168.36.18,Root
192.168.162.214,getcwd() file descriptor leak in FTP.,CVE-1999-0083,0.00622,192.168.36.18,User
192.168.162.214,"Samba Web Administration Tool (SWAT) in Samba 2.0.7 supplies a different error message when a valid username is provided versus an invalid name, which allows remote attackers to identify valid users on the server.",CVE-2000-0938,0.00268,192.168.36.18,User
192.168.162.214,AppleShare IP 6.1 and later allows a remote attacker to read potentially sensitive information via an invalid range request to the web server.,CVE-2000-0346,0.00224,192.168.36.18,User
192.168.162.214,"An SSH 1.2.27 server allows a client to use the ""none"" cipher, even if it is not allowed by the server policy.",CVE-1999-1010,0.00042,192.168.36.18,User
192.168.162.214,"Microsoft Virtual Machine (VM) up to and including build 5.0.3805 allows remote attackers to cause a denial of service (crash) in Internet Explorer via invalid handle data in a Java applet, aka ""Handle Validation Flaw.""",CVE-2002-0867,0.01115,192.168.32.253,User
192.168.162.214,Buffer overflow in xlockmore xlock program version 4.16 and earlier allows local users to read sensitive data from memory via a long -mode option.,CVE-2000-0455,0.00042,192.168.32.253,User
192.168.162.214,Buffer overflow in Webstar HTTP server allows remote attackers to cause a denial of service via a long GET request.,CVE-2000-0290,0.01179,192.168.32.253,User
192.168.162.214,The #sinclude directive in Embedded Perl (ePerl) 2.2.14 and earlier allows a remote attacker to execute arbitrary code by modifying the 'sinclude' file to point to another file that contains a #include directive that references a file that contains the code.,CVE-2001-0733,0.01925,192.168.32.253,User
192.168.162.214,"The SMS Remote Control program is installed with insecure permissions, which allows local users to gain privileges by modifying or replacing the program.",CVE-2000-0100,0.00048,192.168.32.253,User
192.168.162.214,Vulnerability in inetd server in HP-UX 11.04 and earlier allows attackers to cause a denial of service when the "swait" state is used by a server.,CVE-2001-0106,0.0012,192.168.220.197,User
192.168.162.214,"Internet Explorer 4.01 allows remote attackers to read arbitrary files by pasting a file name into the file upload control, aka untrusted scripted paste.",CVE-1999-0870,0.0315,192.168.220.197,User
192.168.162.214,Falcon web server 2.0.0.1020 and earlier allows remote attackers to bypass authentication and read restricted files via an extra / (slash) in the requested URL.,CVE-2002-0275,0.00319,192.168.220.197,User
192.168.162.214,Buffer overflow in calserver in SCO OpenServer allows remote attackers to gain root access via a long message.,CVE-2000-0306,0.02452,192.168.220.197,Root
192.168.162.214,IBM Network Station Manager NetStation allows local users to gain privileges via a symlink attack.,CVE-2000-0027,0.00042,192.168.220.197,User
192.168.162.214,Savant web server allows remote attackers to execute arbitrary commands via a long GET request.,CVE-2000-0641,0.0544,192.168.45.131,User
192.168.162.214,The Nautica Marlin bridge allows remote attackers to cause a denial of service via a zero length UDP packet to the SNMP port.,CVE-2000-0221,0.00849,192.168.45.131,User
192.168.162.214,"rpcbind in SGI IRIX, when using the -w command line switch, allows local users to overwrite arbitrary files via a symlink attack.",CVE-2002-1516,0.00042,192.168.45.131,User
192.168.162.214,IIS 4.0 with URL redirection enabled allows remote attackers to cause a denial of service (crash) via a malformed request that specifies a length that is different than the actual length.,CVE-2001-0545,0.81318,192.168.45.131,User
192.168.162.214,A buffer overflow in the SGI X server allows local users to gain root access through the X server font path.,CVE-1999-0413,0.00042,192.168.45.131,Root
192.168.162.214,Vulnerability in passwd in SCO UNIX 4.0 and earlier allows attackers to cause a denial of service by preventing users from being able to log into the system.,CVE-1999-1162,0.00143,192.168.201.146,User
192.168.162.214,Buffer overflow in Solaris x86 mkcookie allows local users to obtain root access.,CVE-1999-0139,0.00044,192.168.201.146,Root
192.168.162.214,"Sdbsearch.cgi in SuSE Linux 6.0-7.2 could allow remote attackers to execute arbitrary commands by uploading a keylist.txt file that contains filenames with shell metacharacters, then causing the file to be searched using a .. in the HTTP referer (from the HTTP_REFERER variable) to point to the directory that contains the keylist.txt file.",CVE-2001-1130,0.04694,192.168.201.146,User
192.168.162.214,Pegasus Mail 3.12 allows remote attackers to read arbitrary files via an embedded URL that calls the mailto: protocol with a -F switch.,CVE-2000-0930,0.02003,192.168.201.146,User
192.168.162.214,Buffer overflow in qmailadmin allows local users to gain privileges via a long QMAILADMIN_TEMPLATEDIR environment variable.,CVE-2002-1414,0.00042,192.168.201.146,User
192.168.162.214,"Auction Weaver 1.0 through 1.04 does not properly validate the names of form fields, which allows remote attackers to delete arbitrary files and directories via a .. (dot dot) attack.",CVE-2000-0810,0.01221,192.168.255.37,User
192.168.162.214,Vulnerability in the cache-limiting function of the unified name service daemon (nsd) in IRIX 6.5.4 through 6.5.11 allows remote attackers to cause a denial of service by forcing the cache to fill the disk.,CVE-2002-0038,0.01301,192.168.255.37,User
192.168.162.214,"The campas CGI program provided with some NCSA web servers allows an attacker to execute arbitrary commands via encoded carriage return characters in the query string, as demonstrated by reading the password file.",CVE-1999-0146,0.06359,192.168.255.37,User
192.168.162.214,Multilink PPP for ISDN dialup users in Ascend before 4.6 allows remote attackers to cause a denial of service via a spoofed endpoint identifier.,CVE-1999-1203,0.01179,192.168.255.37,User
192.168.162.214,Denial of service in BIND named via consuming more than "fdmax" file descriptors.,CVE-1999-0848,0.0033,192.168.255.37,User
192.168.162.214,"PGP Corporate Desktop before 7.1, Personal Security before 7.0.3, Freeware before 7.0.3, and E-Business Server before 7.1 does not properly display when invalid userID's are used to sign a message, which could allow an attacker to make the user believe that the document has been signed by a trusted third party by adding a second, invalid user ID to a key which has already been signed by the third party, aka the ""PGPsdk Key Validity Vulnerability.""",CVE-2001-1016,0.00426,192.168.126.40,User
192.168.162.214,"Cross-site scripting vulnerability in analog before 5.22 allows remote attackers to execute Javascript via an HTTP request containing the script, which is entered into a web logfile and not properly filtered by analog during display.",CVE-2002-0166,0.01854,192.168.126.40,User
192.168.162.214,SQL injection vulnerability in the PostgreSQL auth module for courier 0.40 and earlier allows remote attackers to execute SQL code via the user name.,CVE-2003-0040,0.00258,192.168.126.40,User
192.168.162.214,Help and Support Center for Windows XP allows remote attackers to delete arbitrary files via a link to the hcp: protocol that accesses uplddrvinfo.htm.,CVE-2002-0974,0.0237,192.168.126.40,User
192.168.220.197,"MDG Computer Services Web Server 4D WS4D/eCommerce 3.0 and earlier, and possibly 3.5.3, allows remote attackers to cause a denial of service and possibly execute arbitrary commands via a long HTTP request.",CVE-2002-0123,0.02651,192.168.201.146,User
192.168.220.197,Pegasus Mail 3.12 allows remote attackers to read arbitrary files via an embedded URL that calls the mailto: protocol with a -F switch.,CVE-2000-0930,0.02003,192.168.201.146,User
192.168.220.197,The file upload capability in PHP versions 3 and 4 allows remote attackers to read arbitrary files by setting hidden form fields whose names match the names of internal PHP script variables.,CVE-2000-0860,0.00834,192.168.201.146,User
192.168.220.197,"csstart program in iCal 2.1 Patch 2 uses relative pathnames to install the libsocket and libnsl libraries, which could allow the icsuser account to gain root privileges by creating a Trojan Horse library in the current or parent directory.",CVE-2000-1074,0.01501,192.168.201.146,Root
192.168.220.197,IRC Xchat client versions 1.4.2 and earlier allows remote attackers to execute arbitrary commands by encoding shell metacharacters into a URL which XChat uses to launch a web browser.,CVE-2000-0787,0.10989,192.168.162.214,User
192.168.220.197,Buffer overflow in Low BandWidth X proxy (lbxproxy) in Solaris 8 allows local users to execute arbitrary code via a long display command line option.,CVE-2002-0090,0.0007,192.168.162.214,User
192.168.220.197,AIX passwd allows local users to gain root access.,CVE-1999-0117,0.00042,192.168.99.133,Root
192.168.220.197,The Nbase-Xyplex EdgeBlaster router allows remote attackers to cause a denial of service via a scan for the FormMail CGI program.,CVE-2000-0255,0.00268,192.168.99.133,User
192.168.220.197,The FTP server on Cisco Content Service 11000 series switches (CSS) before WebNS 4.01B23s and WebNS 4.10B13s allows an attacker who is an FTP user to read and write arbitrary files via GET or PUT commands.,CVE-2001-0621,0.00254,192.168.32.253,User
192.168.220.197,"Format string vulnerability in stunnel before 3.22 when used in client mode for (1) smtp, (2) pop, or (3) nntp allows remote malicious servers to execute arbitrary code.",CVE-2002-0002,0.01079,192.168.32.253,User
192.168.220.197,"The UCX POP server in HP TCP/IP services for OpenVMS 4.2 through 5.3 allows local users to truncate arbitrary files via the -logfile command line option, which overrides file system permissions because the server runs with the SYSPRV and BYPASS privileges.",CVE-2002-1513,0.00042,192.168.32.253,User
192.168.220.197,"Format string vulnerability in stunnel before 3.22 when used in client mode for (1) smtp, (2) pop, or (3) nntp allows remote malicious servers to execute arbitrary code.",CVE-2002-0002,0.01079,192.168.32.253,User
192.168.220.197,"PGP Corporate Desktop before 7.1, Personal Security before 7.0.3, Freeware before 7.0.3, and E-Business Server before 7.1 does not properly display when invalid userID's are used to sign a message, which could allow an attacker to make the user believe that the document has been signed by a trusted third party by adding a second, invalid user ID to a key which has already been signed by the third party, aka the ""PGPsdk Key Validity Vulnerability.""",CVE-2001-1016,0.00426,192.168.32.253,User
192.168.220.197,"Hybrid Network cable modems do not include an authentication mechanism for administration, allowing remote attackers to compromise the system through the HSMP protocol.",CVE-1999-0791,0.03638,192.168.255.37,User
192.168.220.197,"slapd in OpenLDAP 1.x before 1.2.12, and 2.x before 2.0.8, allows remote attackers to cause a denial of service (crash) via an invalid Basic Encoding Rules (BER) length field.",CVE-2001-0977,0.02417,192.168.255.37,User
192.168.220.197,"When configured to store configuration information in an LDAP directory, Shiva Access Manager 5.0.0 stores the root DN (Distinguished Name) name and password in cleartext in a file that is world readable, which allows local users to compromise the LDAP server.",CVE-2000-0516,0.00042,192.168.255.37,Root
192.168.220.197,"Heap-based buffer overflow in Fetchmail 6.1.3 and earlier does not account for the ""@"" character when determining buffer lengths for local addresses, which allows remote attackers to execute arbitrary code via a header with a large number of local addresses.",CVE-2002-1365,0.30545,192.168.165.209,User
192.168.220.197,"Cisco switches and routers running IOS 12.1 and earlier produce predictable TCP Initial Sequence Numbers (ISNs), which allows remote attackers to spoof or hijack TCP connections.",CVE-2001-0288,0.00235,192.168.165.209,User
192.168.220.197,IRC Xchat client versions 1.4.2 and earlier allows remote attackers to execute arbitrary commands by encoding shell metacharacters into a URL which XChat uses to launch a web browser.,CVE-2000-0787,0.10989,192.168.165.209,User
192.168.220.197,IBM WebSphere allows remote attackers to read source code for executable web files by directly calling the default InvokerServlet using a URL which contains the "/servlet/file" string.,CVE-2000-0652,0.00408,192.168.165.209,User
192.168.220.197,Denial of service in AIX telnet can freeze a system and prevent users from accessing the server.,CVE-1999-0087,0.04674,192.168.165.209,User
192.168.201.146,"The HTTP server in Cisco 7xx series routers 3.2 through 4.2 is enabled by default, which allows remote attackers to change the router's configuration.",CVE-1999-0415,0.00677,192.168.126.40,User
192.168.201.146,Blahz-DNS 0.2 and earlier allows remote attackers to bypass authentication and modify configuration by directly requesting CGI programs such as dostuff.php instead of going through the login screen.,CVE-2002-0599,0.30131,192.168.126.40,User
192.168.201.146,Directory traversal vulnerability in fsp before 2.81.b18 allows remote users to access files outside the FSP root directory.,CVE-2003-1022,0.01596,192.168.126.40,Root
192.168.201.146,"rpcbind in SGI IRIX, when using the -w command line switch, allows local users to overwrite arbitrary files via a symlink attack.",CVE-2002-1516,0.00042,192.168.126.40,User
192.168.201.146,"When configured to store configuration information in an LDAP directory, Shiva Access Manager 5.0.0 stores the root DN (Distinguished Name) name and password in cleartext in a file that is world readable, which allows local users to compromise the LDAP server.",CVE-2000-0516,0.00042,192.168.126.40,Root
192.168.201.146,mSQL v2.0.1 and below allows remote execution through a buffer overflow.,CVE-1999-0276,0.01598,192.168.162.214,User
192.168.201.146,Buffer overflow in the Window.External function in the JScript Scripting Engine in Internet Explorer 4.01 SP1 and earlier allows remote attackers to execute arbitrary commands via a malicious web page.,CVE-1999-1093,0.00282,192.168.162.214,User
192.168.201.146,PSCOErrPage.htm in Netscape PublishingXpert 2.5 before SP2 allows remote attackers to read arbitrary files by specifying the target file in the errPagePath parameter.,CVE-2000-1196,0.01991,192.168.162.214,User
192.168.201.146,Buffer overflow and denial of service in Sendmail 8.7.5 and earlier through GECOS field gives root access to local users.,CVE-1999-0131,0.00042,192.168.162.214,Root
192.168.201.146,"The default configuration of mod_perl for Apache as installed on Mandrake Linux 6.1 through 7.1 sets the /perl/ directory to be browseable, which allows remote attackers to list the contents of that directory.",CVE-2000-0883,0.00795,192.168.162.214,User
192.168.201.146,Directory traversal vulnerability in Extent RBS ISP web server allows remote attackers to read sensitive information via a .. (dot dot) attack on the Image parameter.,CVE-2000-1036,0.01215,192.168.99.133,User
192.168.201.146,"Unknown vulnerability in netprint in IRIX 6.2, and possibly other versions, allows local users with lp privileges attacker to execute arbitrary commands via the -n option.",CVE-2001-0485,0.00042,192.168.99.133,User
192.168.201.146,"The COM_CHANGE_USER command in MySQL 3.x before 3.23.54, and 4.x to 4.0.6, allows remote attackers to execute arbitrary code via a long response.",CVE-2002-1375,0.12852,192.168.99.133,User
192.168.201.146,IBM Network Station Manager NetStation allows local users to gain privileges via a symlink attack.,CVE-2000-0027,0.00042,192.168.99.133,User
192.168.201.146,Buffer overflow in the HTTP proxy server for the i-drive Filo software allows remote attackers to execute arbitrary commands via a long HTTP GET request.,CVE-2000-0376,0.00378,192.168.99.133,User
192.168.201.146,Heap-based buffer overflow in Calife 2.8.5 and earlier may allow local users to execute arbitrary code via a long password.,CVE-2004-0188,0.00042,192.168.165.209,User
192.168.201.146,MajorCool mj_key_cache program allows local users to modify files via a symlink attack.,CVE-1999-0957,0.0006,192.168.165.209,User
192.168.201.146,"The libCheckSignature function in crypto-utils.lib for OpenCA 0.9.1.6 and earlier only compares the serial of the signer's certificate and the one in the database, which can cause OpenCA to incorrectly accept a signature if the certificate's chain is trusted by OpenCA's chain directory, allowing remote attackers to spoof requests from other users.",CVE-2004-0004,0.01811,192.168.165.209,User
192.168.201.146,Buffer overflow in xlockmore xlock program version 4.16 and earlier allows local users to read sensitive data from memory via a long -mode option.,CVE-2000-0455,0.00042,192.168.165.209,User
192.168.201.146,Buffer overflow in xmcd 2.0p12 allows local users to gain access through an environmental variable.,CVE-1999-0318,0.00045,192.168.165.209,User
192.168.201.146,"The vncserver wrapper for vnc before 3.3.3r2-21 uses the rand() function instead of srand(), which causes vncserver to generate weak cookies.",CVE-2002-1511,0.0079,192.168.220.197,User
192.168.201.146,"The libCheckSignature function in crypto-utils.lib for OpenCA 0.9.1.6 and earlier only compares the serial of the signer's certificate and the one in the database, which can cause OpenCA to incorrectly accept a signature if the certificate's chain is trusted by OpenCA's chain directory, allowing remote attackers to spoof requests from other users.",CVE-2004-0004,0.01811,192.168.220.197,User
192.168.201.146,Becky! 2.00.05 and earlier can allow a remote attacker to gain additional privileges via a buffer overflow attack on long messages without newline characters.,CVE-2001-0611,0.00649,192.168.220.197,User
192.168.201.146,webmin 0.84 and earlier allows local users to overwrite and create arbitrary files via a symlink attack.,CVE-2001-0222,0.00042,192.168.220.197,User
192.168.201.146,Savant web server allows remote attackers to execute arbitrary commands via a long GET request.,CVE-2000-0641,0.0544,192.168.220.197,User
192.168.201.146,"slapd in OpenLDAP 1.x before 1.2.12, and 2.x before 2.0.8, allows remote attackers to cause a denial of service (crash) via an invalid Basic Encoding Rules (BER) length field.",CVE-2001-0977,0.02417,192.168.45.131,User
192.168.201.146,Directory traversal vulnerability in SnapStream PVS 1.2a allows remote attackers to read arbitrary files via a .. (dot dot) attack in the requested URL.,CVE-2001-1108,0.03829,192.168.45.131,User
192.168.201.146,Directory traversal vulnerability in McAfee ASaP VirusScan agent 1.0 allows remote attackers to read arbitrary files via a .. (dot dot) in the HTTP request.,CVE-2001-1144,0.01439,192.168.45.131,User
192.168.201.146,"Buffer overflow in AOLserver 3.0 allows remote attackers to cause a denial of service, and possibly execute arbitrary code, via an HTTP request with a long Authorization header.",CVE-2001-1067,0.02158,192.168.45.131,User
192.168.201.146,IRIX cdplayer allows local users to create directories in arbitrary locations via a command line option.,CVE-1999-0960,0.00042,192.168.32.253,User
192.168.201.146,"gnuserv before 3.12, as shipped with XEmacs, does not properly check the specified length of an X Windows MIT-MAGIC-COOKIE cookie, which allows remote attackers to execute arbitrary commands via a buffer overflow, or brute force authentication by using a short cookie length.",CVE-2001-0191,0.00597,192.168.32.253,User
192.168.201.146,"crontab by Paul Vixie uses predictable file names for a temporary file and does not properly ensure that the file is owned by the user executing the crontab -e command, which allows local users with write access to the crontab spool directory to execute arbitrary commands by creating world-writeable temporary files and modifying them while the victim is editing the file.",CVE-2000-1096,0.00042,192.168.36.18,User
192.168.201.146,Buffer overflow in CrackLib 2.5 may allow local users to gain root privileges via a long GECOS field.,CVE-1999-1140,0.00043,192.168.36.18,Root
192.168.201.146,SQL injection vulnerability in the PostgreSQL auth module for courier 0.40 and earlier allows remote attackers to execute SQL code via the user name.,CVE-2003-0040,0.00258,192.168.36.18,User
192.168.201.146,"FrontPage Server Extensions (FPSE) in IIS 4.0 and 5.0 allows remote attackers to cause a denial of service via a malformed form, aka the ""Malformed Web Form Submission"" vulnerability.",CVE-2001-0096,0.04326,192.168.255.37,User
192.168.201.146,"Buffer overflow in AOL Instant Messenger (AIM) 4.7.2480, 4.8.2616, and other versions allows remote attackers to execute arbitrary code via a long argument in a game request (AddGame).",CVE-2002-0005,0.15451,192.168.255.37,User
192.168.201.146,Livingston portmaster machines could be rebooted via a series of commands.,CVE-1999-0218,0.03841,192.168.255.37,User
192.168.201.146,The #sinclude directive in Embedded Perl (ePerl) 2.2.14 and earlier allows a remote attacker to execute arbitrary code by modifying the 'sinclude' file to point to another file that contains a #include directive that references a file that contains the code.,CVE-2001-0733,0.01925,192.168.255.37,User
192.168.201.146,InterScan VirusWall SMTP scanner does not properly scan messages with malformed attachments.,CVE-2000-0033,0.0222,192.168.255.37,User
192.168.231.180,AIX passwd allows local users to gain root access.,CVE-1999-0117,0.00042,192.168.255.37,Root
192.168.231.180,htmlscript CGI program allows remote read access to files.,CVE-1999-0264,0.00613,192.168.255.37,User
192.168.231.180,procfs in BSD systems allows local users to gain root privileges by modifying the /proc/pid/mem interface via a modified file descriptor for stderr.,CVE-2000-0094,0.00042,192.168.255.37,Root
192.168.231.180,SmallHTTP 1.204 through 3.00 beta 8 allows remote attackers to cause a denial of service via multiple long URL requests.,CVE-2001-1251,0.0112,192.168.255.37,User
192.168.231.180,AIX passwd allows local users to gain root access.,CVE-1999-0117,0.00042,192.168.255.37,Root
192.168.231.180,"The Microsoft Jet database engine allows an attacker to modify text files via a database query, aka the ""Text I-ISAM"" vulnerability.",CVE-2000-0323,0.01282,192.168.220.197,User
192.168.231.180,Buffer overflow in the HTTP proxy server for the i-drive Filo software allows remote attackers to execute arbitrary commands via a long HTTP GET request.,CVE-2000-0376,0.00378,192.168.220.197,User
192.168.231.180,Denial of service in Windows NT DNS servers through malicious packet which contains a response to a query that wasn't made.,CVE-1999-0274,0.7756,192.168.220.197,User
192.168.231.180,"Insecure file permissions for Netscape FastTrack Server 2.x, Enterprise Server 2.0, and Proxy Server 2.5 in SCO UnixWare 7.0.x and 2.1.3 allow an attacker to gain root privileges.",CVE-2000-0308,0.00192,192.168.220.197,Root
192.168.231.180,"An SSH 1.2.27 server allows a client to use the ""none"" cipher, even if it is not allowed by the server policy.",CVE-1999-1010,0.00042,192.168.220.197,User
192.168.231.180,64 bit Solaris 7 procfs allows local users to perform a denial of service.,CVE-1999-0417,0.00042,192.168.36.18,User
192.168.231.180,The jj CGI program allows command execution via shell metacharacters.,CVE-1999-0260,0.00412,192.168.36.18,User
192.168.231.180,IRC Xchat client versions 1.4.2 and earlier allows remote attackers to execute arbitrary commands by encoding shell metacharacters into a URL which XChat uses to launch a web browser.,CVE-2000-0787,0.10989,192.168.36.18,User
192.168.231.180,Vulnerability in HP Series 800 S/X/V Class servers allows remote attackers to gain access to the S/X/V Class console via the Service Support Processor (SSP) Teststation.,CVE-1999-1163,0.01036,192.168.36.18,User
192.168.231.180,vold in Solaris 2.x allows local users to gain root access.,CVE-1999-0134,0.00044,192.168.36.18,Root
192.168.231.180,"ipfw and ip6fw in FreeBSD 4.2 and earlier allows remote attackers to bypass access restrictions by setting the ECE flag in a TCP packet, which makes the packet appear to be part of an established connection.",CVE-2001-0183,0.02657,192.168.32.253,User
192.168.231.180,"An input validation error in the Sun Microsystems RPC library Services for Unix 3.0 Interix SD, as implemented on Microsoft Windows NT4, 2000, and XP, allows remote attackers to cause a denial of service via malformed fragmented RPC client packets, aka ""Denial of service by sending an invalid RPC request.""",CVE-2002-1141,0.00901,192.168.32.253,User
192.168.99.133,"Outlook Web Access (OWA) in Microsoft Exchange 5.5 Server, when used with Internet Explorer, does not properly detect certain inline script, which can allow remote attackers to perform arbitrary actions on a user's Exchange mailbox via an HTML e-mail message.",CVE-2001-0726,0.00678,192.168.36.18,User
192.168.99.133,Vulnerability in inetd server in HP-UX 11.04 and earlier allows attackers to cause a denial of service when the "swait" state is used by a server.,CVE-2001-0106,0.0012,192.168.36.18,User
192.168.99.133,Buffer overflow in INN 2.2.1 and earlier allows remote attackers to cause a denial of service via a maliciously formatted article.,CVE-2000-0360,0.00649,192.168.36.18,User
192.168.99.133,Double-free vulnerability in mysqld for MySQL before 3.23.55 allows attackers with MySQL access to cause a denial of service (crash) via mysql_change_user.,CVE-2003-0073,0.011,192.168.36.18,User
192.168.99.133,Buffer overflow in UnixWare rtpm program allows local users to gain privileges via a long environmental variable.,CVE-2000-0003,0.00084,192.168.36.18,User
192.168.99.133,GnoRPM before 0.95 allows local users to modify arbitrary files via a symlink attack.,CVE-2000-0948,0.00042,192.168.126.40,User
192.168.99.133,"Cross-site scripting vulnerability in analog before 5.22 allows remote attackers to execute Javascript via an HTTP request containing the script, which is entered into a web logfile and not properly filtered by analog during display.",CVE-2002-0166,0.01854,192.168.126.40,User
192.168.99.133,The AMaViS virus scanner 0.2.0-pre4 and earlier allows remote attackers to execute arbitrary commands as root via an infected mail message with shell metacharacters in the reply-to field.,CVE-1999-1512,0.01165,192.168.165.209,Root
192.168.99.133,"Zope before 2.2.4 does not properly compute local roles, which could allow users to bypass specified access restrictions and gain privileges.",CVE-2001-0128,0.00059,192.168.165.209,User
192.168.99.133,PASV core dump in wu-ftpd daemon when attacker uses a QUOTE PASV command after specifying a username and password.,CVE-1999-0075,0.01598,192.168.165.209,User
192.168.99.133,"gnuserv before 3.12, as shipped with XEmacs, does not properly check the specified length of an X Windows MIT-MAGIC-COOKIE cookie, which allows remote attackers to execute arbitrary commands via a buffer overflow, or brute force authentication by using a short cookie length.",CVE-2001-0191,0.00597,192.168.165.209,User
192.168.99.133,"Portable Network Graphics (PNG) library libpng 1.2.5 and earlier does not correctly calculate offsets, which allows remote attackers to cause a denial of service (crash) and possibly execute arbitrary code via a buffer overflow attack on the row buffers.",CVE-2002-1363,0.10285,192.168.165.209,User
192.168.99.133,Zeus web server allows remote attackers to view the source code for CGI programs via a null character (%00) at the end of a URL.,CVE-2000-0149,0.0193,192.168.231.180,User
192.168.99.133,Buffer overflow in WebShield SMTP 4.5.44 allows remote attackers to execute arbitrary commands via a long configuration parameter to the WebShield remote management service.,CVE-2000-0447,0.00678,192.168.231.180,User
192.168.99.133,bb-hostsvc.sh in Big Brother 1.4h1 and earlier allows remote attackers to read arbitrary files via a .. (dot dot) attack on the HOSTSVC parameter.,CVE-2000-0638,0.05376,192.168.231.180,User
192.168.99.133,cmd5checkpw 0.21 and earlier allows remote attackers to cause a denial of service via an "SMTP AUTH" command with an unknown username.,CVE-2000-0990,0.00776,192.168.231.180,User
192.168.99.133,"Windows NT 4.0 allows local users to cause a denial of service via a user mode application that closes a handle that was opened in kernel mode, which causes a crash when the kernel attempts to close the handle.",CVE-1999-1360,0.00045,192.168.220.197,User
192.168.99.133,Denial of service in Windows NT DNS servers through malicious packet which contains a response to a query that wasn't made.,CVE-1999-0274,0.7756,192.168.220.197,User
192.168.99.133,"IBM Web Traffic Express Caching Proxy Server 3.6 and 4.x before 4.0.1.26 allows remote attackers to cause a denial of service (crash) via an HTTP request to helpout.exe with a missing HTTP version number, which causes ibmproxy.exe to crash.",CVE-2002-1169,0.02925,192.168.220.197,User
192.168.99.133,Maxum Rumpus FTP Server 1.3.3 and 2.0.3 dev 3 allows a remote attacker to perform a denial of service (hang) by creating a directory name of a specific length.,CVE-2001-0646,0.0116,192.168.201.146,User
192.168.99.133,The Preloader ActiveX control used by Internet Explorer allows remote attackers to read arbitrary files.,CVE-1999-0917,0.00504,192.168.201.146,User
192.168.99.133,"Buffer overflow in Sendmail before 8.12.5, when configured to use a custom DNS map to query TXT records, allows remote attackers to cause a denial of service and possibly execute arbitrary code via a malicious DNS server.",CVE-2002-0906,0.058,192.168.201.146,User
192.168.99.133,IMail IMONITOR status.cgi CGI script allows remote attackers to cause a denial of service with many calls to status.cgi.,CVE-2000-0056,0.00593,192.168.201.146,User
192.168.99.133,"The dbm and shm session cache code in mod_ssl before 2.8.7-1.3.23, and Apache-SSL before 1.3.22+1.46, does not properly initialize memory using the i2d_SSL_SESSION function, which allows remote attackers to use a buffer overflow to execute arbitrary code via a large client certificate that is signed by a trusted Certificate Authority (CA), which produces a large serialized session.",CVE-2002-0082,0.47589,192.168.162.214,User
192.168.99.133,WFTPD and WFTPD Pro 2.41 allows remote attackers to cause a denial of service by executing a STAT command while the LIST command is still executing.,CVE-2000-0644,0.0116,192.168.162.214,User
192.168.99.133,"csstart program in iCal 2.1 Patch 2 uses relative pathnames to install the libsocket and libnsl libraries, which could allow the icsuser account to gain root privileges by creating a Trojan Horse library in the current or parent directory.",CVE-2000-1074,0.01501,192.168.162.214,Root
192.168.99.133,The open() function in FreeBSD allows local attackers to write to arbitrary files.,CVE-1999-0322,0.0006,192.168.162.214,User
192.168.99.133,"Buffer overflow in the RPC Locator service for Microsoft Windows NT 4.0, Windows NT 4.0 Terminal Server Edition, Windows 2000, and Windows XP allows local users to execute arbitrary code via an RPC call to the service containing certain parameter information.",CVE-2003-0003,0.02013,192.168.162.214,User
192.168.99.133,Infradig Inframail prior to 3.98a allows a remote attacker to create a denial of service via a malformed POST request which includes a space followed by a large string.,CVE-2001-0377,0.00835,192.168.255.37,User
192.168.99.133,Vulnerability in LAT/Telnet Gateway (lattelnet) on Ultrix 4.1 and 4.2 allows attackers to gain root privileges.,CVE-1999-1032,0.009,192.168.255.37,Root
192.168.99.133,Buffer overflow in xlockmore xlock program version 4.16 and earlier allows local users to read sensitive data from memory via a long -mode option.,CVE-2000-0455,0.00042,192.168.32.253,User
192.168.99.133,The NSAPI plugins for TGA and the Java Servlet proxy in HP-UX VVOS 10.24 and 11.04 allows an attacker to cause a denial of service (high CPU utilization).,CVE-2000-0965,0.0012,192.168.32.253,User
192.168.99.133,"Sdbsearch.cgi in SuSE Linux 6.0-7.2 could allow remote attackers to execute arbitrary commands by uploading a keylist.txt file that contains filenames with shell metacharacters, then causing the file to be searched using a .. in the HTTP referer (from the HTTP_REFERER variable) to point to the directory that contains the keylist.txt file.",CVE-2001-1130,0.04694,192.168.32.253,User
192.168.99.133,Vulnerability in LAT/Telnet Gateway (lattelnet) on Ultrix 4.1 and 4.2 allows attackers to gain root privileges.,CVE-1999-1032,0.009,192.168.32.253,Root
192.168.99.133,Buffer overflow in xlockmore xlock program version 4.16 and earlier allows local users to read sensitive data from memory via a long -mode option.,CVE-2000-0455,0.00042,192.168.45.131,User
192.168.99.133,Format string vulnerability in hsftp 1.11 allows remote authenticated users to cause a denial of service and possibly execute arbitrary code via file names containing format string characters that are not properly handled when executing an "ls" command.,CVE-2004-0159,0.07149,192.168.45.131,User
192.168.99.133,The NSAPI plugins for TGA and the Java Servlet proxy in HP-UX VVOS 10.24 and 11.04 allows an attacker to cause a denial of service (high CPU utilization).,CVE-2000-0965,0.0012,192.168.45.131,User
192.168.99.133,AIX passwd allows local users to gain root access.,CVE-1999-0117,0.00042,192.168.45.131,Root
192.168.99.133,"sendmessage.cgi in W3Mail 1.0.2, and possibly other CGI programs, allows remote attackers to execute arbitrary commands via shell metacharacters in any field of the 'Compose Message' page.",CVE-2001-1100,0.01582,192.168.45.131,User
192.168.255.37,"Solaris arp allows local users to read files via the -f parameter, which lists lines in the file that do not parse properly.",CVE-1999-0859,0.00042,192.168.220.197,User
192.168.255.37,getcwd() file descriptor leak in FTP.,CVE-1999-0083,0.00622,192.168.220.197,User
192.168.255.37,Linux apcd program allows local attackers to modify arbitrary files via a symlink attack.,CVE-2000-0107,0.00042,192.168.220.197,User
192.168.255.37,Directory traversal vulnerability in SnapStream PVS 1.2a allows remote attackers to read arbitrary files via a .. (dot dot) attack in the requested URL.,CVE-2001-1108,0.03829,192.168.220.197,User
192.168.255.37,Directory traversal vulnerability in cal_make.pl in PerlCal allows remote attackers to read arbitrary files via a .. (dot dot) in the p0 parameter.,CVE-2001-0463,0.00894,192.168.220.197,User
192.168.255.37,"ISC BIND 9 before 9.2.1 allows remote attackers to cause a denial of service (shutdown) via a malformed DNS packet that triggers an error condition that is not properly handled when the rdataset parameter to the dns_message_findtype() function in message.c is not NULL, aka DoS_findtype.",CVE-2002-0400,0.11226,192.168.36.18,User
192.168.255.37,Directory traversal vulnerability in SnapStream PVS 1.2a allows remote attackers to read arbitrary files via a .. (dot dot) attack in the requested URL.,CVE-2001-1108,0.03829,192.168.36.18,User
192.168.255.37,The DG/UX finger daemon allows remote command execution through shell metacharacters.,CVE-1999-0152,0.00348,192.168.36.18,User
192.168.255.37,Performance Metrics Collector Daemon (PMCD) in Performance Copilot in IRIX 6.x allows remote attackers to cause a denial of service (resource exhaustion) via an extremely long string to the PMCD port.,CVE-2000-1193,0.02874,192.168.36.18,User
192.168.255.37,A remote attacker can read information from a Netscape user's cache via JavaScript.,CVE-1999-0790,0.00788,192.168.201.146,User
192.168.255.37,Help and Support Center for Windows XP allows remote attackers to delete arbitrary files via a link to the hcp: protocol that accesses uplddrvinfo.htm.,CVE-2002-0974,0.0237,192.168.201.146,User
192.168.255.37,Buffer overflow in the HTML parser for Netscape 4.75 and earlier allows remote attackers to execute arbitrary commands via a long password value in a form field.,CVE-2000-1187,0.00936,192.168.201.146,User
192.168.255.37,Format string vulnerability in RPC wall daemon (rpc.rwalld) for Solaris 2.5.1 through 8 allows remote attackers to execute arbitrary code via format strings in a message that is not properly provided to the syslog function when the wall command cannot be executed.,CVE-2002-0573,0.82733,192.168.201.146,User
192.168.255.37,"The Microsoft Jet database engine allows an attacker to modify text files via a database query, aka the ""Text I-ISAM"" vulnerability.",CVE-2000-0323,0.01282,192.168.126.40,User
192.168.255.37,ROADS search.pl program allows remote attackers to read arbitrary files by specifying the file name in the form parameter and terminating the filename with a null byte.,CVE-2001-0215,0.03572,192.168.126.40,User
192.168.255.37,The view_page.html sample page in the MiniVend shopping cart program allows remote attackers to execute arbitrary commands via shell metacharacters.,CVE-2000-0635,0.00597,192.168.126.40,User
192.168.255.37,Buffer overflow in the get_origin function in traceroute-nanog allows attackers to execute arbitrary code via long WHOIS responses.,CVE-2002-1364,0.00212,192.168.126.40,User
192.168.32.253,"Zope before 2.2.4 does not properly compute local roles, which could allow users to bypass specified access restrictions and gain privileges.",CVE-2001-0128,0.00059,192.168.165.209,User
192.168.32.253,InterScan VirusWall SMTP scanner does not properly scan messages with malformed attachments.,CVE-2000-0033,0.0222,192.168.165.209,User
192.168.32.253,Vulnerability in the cache-limiting function of the unified name service daemon (nsd) in IRIX 6.5.4 through 6.5.11 allows remote attackers to cause a denial of service by forcing the cache to fill the disk.,CVE-2002-0038,0.01301,192.168.165.209,User
192.168.32.253,Buffer overflow in mail included with SunOS 5.8 for x86 allows a local user to gain privileges via a long HOME environment variable.,CVE-2001-0686,0.00044,192.168.231.180,User
192.168.32.253,"Cisco IOS 11.x and 12.x allows remote attackers to cause a denial of service by sending the ENVIRON option to the Telnet daemon before it is ready to accept it, which causes the system to reboot.",CVE-2000-0268,0.00646,192.168.231.180,User
192.168.32.253,Format string vulnerability in screen 3.9.5 and earlier allows local users to gain root privileges via format characters in the vbell_msg initialization variable.,CVE-2000-0901,0.00042,192.168.231.180,Root
192.168.32.253,Vulnerability in inetd server in HP-UX 11.04 and earlier allows attackers to cause a denial of service when the "swait" state is used by a server.,CVE-2001-0106,0.0012,192.168.126.40,User
192.168.32.253,Format string vulnerability in hsftp 1.11 allows remote authenticated users to cause a denial of service and possibly execute arbitrary code via file names containing format string characters that are not properly handled when executing an "ls" command.,CVE-2004-0159,0.07149,192.168.126.40,User
192.168.32.253,SQL injection vulnerability in the PostgreSQL auth module for courier 0.40 and earlier allows remote attackers to execute SQL code via the user name.,CVE-2003-0040,0.00258,192.168.126.40,User
192.168.32.253,"OpenBSD 2.9 through 3.1 allows local users to cause a denial of service (resource exhaustion) and gain root privileges by filling the kernel's file descriptor table and closing file descriptors 0, 1, or 2 before executing a privileged process, which is not properly handled when OpenBSD fails to open an alternate descriptor.",CVE-2002-0766,0.00061,192.168.126.40,Root
192.168.32.253,"Unknown vulnerability in autofs on AIX 4.3.0, when using executable maps, allows attackers to execute arbitrary commands as root, possibly related to ""string handling around how the executable map is called.""",CVE-2002-1548,0.00044,192.168.126.40,Root
192.168.32.253,"wu-ftpd 2.6.1 allows remote attackers to execute arbitrary commands via a ""~{"" argument to commands such as CWD, which is not properly handled by the glob function (ftpglob).",CVE-2001-0550,0.96051,192.168.45.131,User
192.168.32.253,UnixWare uidadmin allows local users to modify arbitrary files via a symlink attack.,CVE-1999-0836,0.0016,192.168.45.131,User
192.168.32.253,Vulnerability in (1) Microsoft Excel 2002 and earlier and (2) Microsoft PowerPoint 2002 and earlier allows attackers to bypass macro restrictions and execute arbitrary commands by modifying the data stream in the document.,CVE-2001-0718,0.00644,192.168.45.131,User
192.168.32.253,IRC Xchat client versions 1.4.2 and earlier allows remote attackers to execute arbitrary commands by encoding shell metacharacters into a URL which XChat uses to launch a web browser.,CVE-2000-0787,0.10989,192.168.45.131,User
192.168.32.253,"ipfw and ip6fw in FreeBSD 4.2 and earlier allows remote attackers to bypass access restrictions by setting the ECE flag in a TCP packet, which makes the packet appear to be part of an established connection.",CVE-2001-0183,0.02657,192.168.45.131,User
192.168.32.253,The NSAPI plugins for TGA and the Java Servlet proxy in HP-UX VVOS 10.24 and 11.04 allows an attacker to cause a denial of service (high CPU utilization).,CVE-2000-0965,0.0012,192.168.220.197,User
192.168.32.253,Buffer overflow in INN 2.2.1 and earlier allows remote attackers to cause a denial of service via a maliciously formatted article.,CVE-2000-0360,0.00649,192.168.220.197,User
192.168.32.253,"Microsoft Virtual Machine (VM) up to and including build 5.0.3805 allows remote attackers to cause a denial of service (crash) in Internet Explorer via invalid handle data in a Java applet, aka ""Handle Validation Flaw.""",CVE-2002-0867,0.01115,192.168.220.197,User
192.168.32.253,Vulnerability in inetd server in HP-UX 11.04 and earlier allows attackers to cause a denial of service when the "swait" state is used by a server.,CVE-2001-0106,0.0012,192.168.99.133,User
192.168.32.253,"The cryptographic challenge of SMB authentication in Windows 95 and Windows 98 can be reused, allowing an attacker to replay the response and impersonate a user.",CVE-1999-0391,0.00383,192.168.99.133,User
192.168.32.253,"Samba Web Administration Tool (SWAT) in Samba 2.0.7 installs the cgi.log logging file with world readable permissions, which allows local users to read sensitive information such as user names and passwords.",CVE-2000-0936,0.00042,192.168.99.133,User
192.168.32.253,"Cisco VPN 3000 series concentrators before 2.5.2(F) allow remote attackers to cause a denial of service via a flood of invalid login requests to (1) the SSL service, or (2) the telnet service, which do not properly disconnect the user after several failed login attempts.",CVE-2001-0427,0.00646,192.168.99.133,User
192.168.32.253,"The SMS Remote Control program is installed with insecure permissions, which allows local users to gain privileges by modifying or replacing the program.",CVE-2000-0100,0.00048,192.168.162.214,User
192.168.32.253,Cross-site scripting vulnerability in the mini-browser for Winamp 2.78 and 2.79 allows remote attackers to execute script via an ID3v1 or ID3v2 tag in an MP3 file.,CVE-2002-0546,0.01056,192.168.162.214,User
192.168.32.253,"WFTPD 3.00 allows remote attackers to read arbitrary files by uploading a (link) file that ends in a "".lnk."" extension, which bypasses WFTPD's check for a "".lnk"" extension.",CVE-2001-1386,0.00343,192.168.162.214,User
192.168.32.253,ROADS search.pl program allows remote attackers to read arbitrary files by specifying the file name in the form parameter and terminating the filename with a null byte.,CVE-2001-0215,0.03572,192.168.162.214,User
192.168.32.253,Buffer overflow in mail included with SunOS 5.8 for x86 allows a local user to gain privileges via a long HOME environment variable.,CVE-2001-0686,0.00044,192.168.162.214,User
